INSERT INTO `free_charity`.`category` (`category_id`, `category_name`, `category_group`, `category_description`, `category_image`) VALUES ('1', 'computer sciences ', '1', 'CS problem', '1');
INSERT INTO `free_charity`.`category` (`category_id`, `category_name`, `category_group`, `category_description`, `category_image`) VALUES ('2', 'math', '2', 'math problem ', '2');
INSERT INTO `free_charity`.`category` (`category_id`, `category_name`, `category_group`, `category_description`, `category_image`) VALUES ('3', 'data structure ', '3', 'DS problem ', '3');

INSERT INTO `free_charity`.`user` (`user_id`, `username`, `email`, `password`, `avatar`, `date_registered`) VALUES ('1', 'test1', '123@gmail', 'test1', 'test_1', '2018-1-1');
INSERT INTO `free_charity`.`user` (`user_id`, `username`, `email`, `password`, `avatar`, `date_registered`) VALUES ('2', 'test2', '1234@gmai', 'test2', 'test_2', '2018-1-1');
INSERT INTO `free_charity`.`user` (`user_id`, `username`, `email`, `password`, `avatar`, `date_registered`) VALUES ('3', 'test3', '12345@gmai', 'test3', 'test_3', '2018-1-1');
INSERT INTO `free_charity`.`user` (`user_id`, `username`, `email`, `password`, `avatar`, `date_registered`) VALUES ('4', 'test4', '123456@gmai', 'test4', 'test_4', '2018-1-1');
INSERT INTO `free_charity`.`user` (`user_id`, `username`, `email`, `password`, `avatar`, `date_registered`) VALUES ('5', 'test5', '123757@gmai', 'test5', 'test_5', '2018-1-1');

INSERT INTO `free_charity`.`question` (`question_id`, `question`, `correct_answer`, `incorrect_answer_1`, `incorrect_answer_2`, `incorrect_answer_3`, `category_id`) VALUES ('1', '1 byte is equal to:', '8 bits', '1 bit', '2 bits', '16 bits', '1');
INSERT INTO `free_charity`.`question` (`question_id`, `question`, `correct_answer`, `incorrect_answer_1`, `incorrect_answer_2`, `incorrect_answer_3`, `category_id`) VALUES ('2', 'Which of the following doesn’t belong to the prescriptive model:', 'Prototype model', 'Waterfall model', 'Incremental model', 'RAD model', '1');
INSERT INTO `free_charity`.`question` (`question_id`, `question`, `correct_answer`, `incorrect_answer_1`, `incorrect_answer_2`, `incorrect_answer_3`, `category_id`) VALUES ('3', 'Which of the following doesn’t belong to the phases of software development(life', 'Preparing for presentation', 'Communication', 'Planning', 'Database design', '1');
INSERT INTO `free_charity`.`question` (`question_id`, `question`, `correct_answer`, `incorrect_answer_1`, `incorrect_answer_2`, `incorrect_answer_3`, `category_id`) VALUES ('4', 'A hard disk in computer is used to:', 'Store information', 'Calculation', 'Get input from user', 'Display images', '1');
INSERT INTO `free_charity`.`question` (`question_id`, `question`, `correct_answer`, `incorrect_answer_1`, `incorrect_answer_2`, `incorrect_answer_3`, `category_id`) VALUES ('5', 'Most of todays’ modern computers are based on:', 'Von Neumann architecture', 'Database architecture', 'Harvard architecture', 'Quantum architecture', '1');
INSERT INTO `free_charity`.`question` (`question_id`, `question`, `correct_answer`, `incorrect_answer_1`, `incorrect_answer_2`, `incorrect_answer_3`, `category_id`) VALUES ('6', 'If the length of each side of an equilateral triangle were increased by 50 percent,', '125%', '75%', '100%', '150%', '2');
INSERT INTO `free_charity`.`question` (`question_id`, `question`, `correct_answer`, `incorrect_answer_1`, `incorrect_answer_2`, `incorrect_answer_3`, `category_id`) VALUES ('7', 'X is an integer greater than 1. Quantity A: 3^(x+1); Quantity B: 4^x', 'The relationship cannot be determined from the information given', 'Quantity A is greater', 'Quantity B is greater', 'The two quantities are equal', '2');
INSERT INTO `free_charity`.`question` (`question_id`, `question`, `correct_answer`, `incorrect_answer_1`, `incorrect_answer_2`, `incorrect_answer_3`, `category_id`) VALUES ('8', 'For the information given: x^y&gt;0, x*y^2&lt;0. Quantity A: x; Quantity B: y', 'The relationship cannot be determined from the information given', 'Quantity A is greater', 'Quantity B is greater', 'The two quantities are equal', '2');
INSERT INTO `free_charity`.`question` (`question_id`, `question`, `correct_answer`, `incorrect_answer_1`, `incorrect_answer_2`, `incorrect_answer_3`, `category_id`) VALUES ('9', 'What is the sum of all possible solutions of the equations |x+4|^2-10*|X+4|=24:', '-8', '-16', '-14', '-12', '2');
INSERT INTO `free_charity`.`question` (`question_id`, `question`, `correct_answer`, `incorrect_answer_1`, `incorrect_answer_2`, `incorrect_answer_3`, `category_id`) VALUES ('10', 'If x+|x|+y=7 and x+|y|-y=6, then x+y=：', '3', '-1', '1', '5', '2');
INSERT INTO `free_charity`.`question` (`question_id`, `question`, `correct_answer`, `incorrect_answer_1`, `incorrect_answer_2`, `incorrect_answer_3`, `category_id`) VALUES ('11', 'Which of the following is not a linear data structure:', 'Binary Tree', 'Queue', 'Stack', 'Linked List', '3');
INSERT INTO `free_charity`.`question` (`question_id`, `question`, `correct_answer`, `incorrect_answer_1`, `incorrect_answer_2`, `incorrect_answer_3`, `category_id`) VALUES ('12', 'The maximum number of nodes in the k-th layer of a binary tree is:', '2^(K-1)', '2^k – 1', '2K + 1', '2K – 1', '3');
INSERT INTO `free_charity`.`question` (`question_id`, `question`, `correct_answer`, `incorrect_answer_1`, `incorrect_answer_2`, `incorrect_answer_3`, `category_id`) VALUES ('13', 'If the input sequence to a stack is 1,2,3,4,5,6, then the output sequence from the', '3,2,5,6,4,1', '5,3,4,6,1,2', '3,1,2,5,4,6', '1,5,4,6,2,3', '3');
INSERT INTO `free_charity`.`question` (`question_id`, `question`, `correct_answer`, `incorrect_answer_1`, `incorrect_answer_2`, `incorrect_answer_3`, `category_id`) VALUES ('14', 'An algorithm is a', 'Description of the problem solving steps', 'Program', 'Process', 'Both A and C', '3');
INSERT INTO `free_charity`.`question` (`question_id`, `question`, `correct_answer`, `incorrect_answer_1`, `incorrect_answer_2`, `incorrect_answer_3`, `category_id`) VALUES ('15', 'Which of the following statement about binary tree is right:', 'A parent node can only two children nodes', 'A parent node can have two or fewer children nodes', 'A binary tree have at least one node with more than two children nodes', 'Every node in a binary tree has two children nodes', '3');

